<DOMSymbolItem xmlns:xsi="http://www.w3.org/2001/XMLSchema-instance" xmlns="http://ns.adobe.com/xfl/2008/" name="元件 1" itemID="619defa2-00000009" lastModified="1637740450">
  <timeline>
    <DOMTimeline name="元件 1" layerDepthEnabled="true">
      <layers>
        <DOMLayer name="图层_1" color="#00FFFF" current="true" isSelected="true">
          <frames>
            <DOMFrame index="0" keyMode="9728">
              <elements>
                <DOMSymbolInstance libraryItemName="补间 1" selected="true" symbolType="graphic" loop="loop">
                  <matrix>
                    <Matrix tx="156" ty="36.9"/>
                  </matrix>
                  <transformationPoint>
                    <Point/>
                  </transformationPoint>
                </DOMSymbolInstance>
              </elements>
            </DOMFrame>
          </frames>
        </DOMLayer>
      </layers>
    </DOMTimeline>
  </timeline>
</DOMSymbolItem>