<DOMSymbolItem xmlns:xsi="http://www.w3.org/2001/XMLSchema-instance" xmlns="http://ns.adobe.com/xfl/2008/" name="补间 1" itemID="619def99-00000005" symbolType="graphic" lastModified="1637740441">
  <timeline>
    <DOMTimeline name="补间 1" layerDepthEnabled="true">
      <layers>
        <DOMLayer name="图层_1" color="#00FFFF" current="true" isSelected="true">
          <frames>
            <DOMFrame index="0" keyMode="9728">
              <elements>
                <DOMStaticText selected="true" width="308.05" height="69.8" autoExpand="true">
                  <matrix>
                    <Matrix tx="-154" ty="-34.9"/>
                  </matrix>
                  <transformationPoint>
                    <Point x="154" y="34.9"/>
                  </transformationPoint>
                  <textRuns>
                    <DOMTextRun>
                      <characters>lipengcheng</characters>
                      <textAttrs>
                        <DOMTextAttrs aliasText="false" lineHeight="69.8" size="63" bitmapSize="1260" face="TimesNewRomanPSMT"/>
                      </textAttrs>
                    </DOMTextRun>
                  </textRuns>
                </DOMStaticText>
              </elements>
            </DOMFrame>
          </frames>
        </DOMLayer>
      </layers>
    </DOMTimeline>
  </timeline>
</DOMSymbolItem>