<DOMSymbolItem xmlns:xsi="http://www.w3.org/2001/XMLSchema-instance" xmlns="http://ns.adobe.com/xfl/2008/" name="元件 3" itemID="619dcacb-00000016" lastModified="1637731019">
  <timeline>
    <DOMTimeline name="元件 3" layerDepthEnabled="true">
      <layers>
        <DOMLayer name="图层_1" color="#00FFFF" current="true" isSelected="true" heightLiteral="24">
          <frames>
            <DOMFrame index="0" keyMode="9728">
              <elements>
                <DOMShape>
                  <fills>
                    <FillStyle index="1">
                      <SolidColor color="#0066CC"/>
                    </FillStyle>
                    <FillStyle index="2">
                      <SolidColor color="#FAF605"/>
                    </FillStyle>
                    <FillStyle index="3">
                      <SolidColor color="#3CE528"/>
                    </FillStyle>
                    <FillStyle index="4">
                      <SolidColor color="#FA0203"/>
                    </FillStyle>
                  </fills>
                  <edges>
                    <Edge fillStyle1="1" edges="!2801 2787S2|2800 0!2800 0[2820 0 2840 2!2840 2[3159 29 3392 410!3392 410[3639 819 3639 1400!3639 1400[3639 1979 3392 2390!3392 2390[3160 2772 2840 2798!2840 2798[2837 2799 2833 2800"/>
                    <Edge fillStyle1="2" edges="!2833 2800S2|5599 2799!5599 2799[5600 2820 5597 2841!5597 2841[5571 3161 5190 3390!5190 3390[4780 3640 4199 3639!4199 3639[3619 3640 3210 3390!3210 3390[2828 3161 2801 2841"/>
                    <Edge fillStyle1="3" edges="!2772 2800S2|0 2800!0 2800[0 2780 3 2761!3 2761[29 2441 410 2209!410 2209[819 1959 1400 1960!1400 1960[1980 1960 2390 2208!2390 2208[2771 2441 2799 2761!2799 2761[2800 2774 2801 2787"/>
                    <Edge fillStyle0="4" fillStyle1="3" edges="!2800 2800S3|2776 2800!2776 2800|2776 2801!2776 2801|2774 2800!2774 2800|2772 2800"/>
                    <Edge fillStyle1="4" edges="!2801 2841S2|2800 5600!2800 5600[2779 5599 2759 5599!2759 5599[2440 5572 2209 5190!2209 5190[1960 4780 1960 4200!1960 4200[1960 3620 2210 3210!2210 3210[2440 2830 2759 2803!2759 2803[#ACD.9 #AF0.3 2772 2800"/>
                    <Edge fillStyle0="2" fillStyle1="4" edges="!2800 2800S3|2801 2841"/>
                    <Edge fillStyle0="1" fillStyle1="2" edges="!2800 2800S3|2833 2800"/>
                    <Edge fillStyle0="3" fillStyle1="1" edges="!2800 2800S3|2801 2787"/>
                  </edges>
                </DOMShape>
              </elements>
            </DOMFrame>
          </frames>
        </DOMLayer>
      </layers>
    </DOMTimeline>
  </timeline>
</DOMSymbolItem>