<DOMDocument xmlns:xsi="http://www.w3.org/2001/XMLSchema-instance" xmlns="http://ns.adobe.com/xfl/2008/" width="640" height="480" frameRate="30" currentTimeline="1" xflVersion="2.971" creatorInfo="Adobe Animate" platform="Windows" versionInfo="Saved by Animate Windows 20.0 build 17400" majorVersion="20" buildNumber="17400" viewAngle3D="62.4108334222142" vanishingPoint3DX="320" vanishingPoint3DY="240" nextSceneIdentifier="2" playOptionsPlayLoop="false" playOptionsPlayPages="false" playOptionsPlayFrameActions="false" filetypeGUID="DD0DDBBF-5BEF-45B2-9F24-A3048D2A676F" fileGUID="AC20719889F75046A35046104881C07F">
     <symbols>
          <Include href="元件 3.xml" loadImmediate="false" itemID="619dcacb-00000016" lastModified="1637731019"/>
     </symbols>
     <timelines>
          <DOMTimeline name="场景 1" currentFrame="59" layerDepthEnabled="true">
               <layers>
                    <DOMLayer name="图层_1" color="#00FFFF" current="true" isSelected="true" animationType="motion object" heightLiteral="24">
                         <frames>
                              <DOMFrame index="0" duration="60" tweenType="motion object" motionTweenRotate="none" motionTweenScale="false" isMotionObject="true" visibleAnimationKeyframes="4194303" keyMode="8195">
                                   <motionObjectXML><AnimationCore TimeScale="30000" Version="1" duration="60000"><TimeMap strength="0" type="Quadratic"/><metadata><names><name langID="zh_CN" value=""/></names><Settings orientToPath="0" xformPtXOffsetPct="0.499911" xformPtYOffsetPct="0.5" xformPtZOffsetPixels="0"/></metadata><PropertyContainer id="headContainer"><PropertyContainer id="Basic_Motion"><Property enabled="1" id="Motion_X" ignoreTimeMap="0" readonly="0" visible="1"><Keyframe anchor="0,0" next="0,0" previous="0,0" roving="0" timevalue="0"/></Property><Property enabled="1" id="Motion_Y" ignoreTimeMap="0" readonly="0" visible="1"><Keyframe anchor="0,0" next="0,0" previous="0,0" roving="0" timevalue="0"/></Property><Property enabled="1" id="Rotation_Z" ignoreTimeMap="0" readonly="0" visible="1"><Keyframe anchor="0,-90" next="0,-90" previous="0,-90" roving="0" timevalue="0"/><Keyframe anchor="0,270" next="0,270" previous="0,270" roving="0" timevalue="59000"/></Property><Property enabled="1" id="Depth" ignoreTimeMap="0" readonly="0" visible="1"><Keyframe anchor="0,0" next="0,0" previous="0,0" roving="0" timevalue="0"/></Property></PropertyContainer><PropertyContainer id="Transformation"><Property enabled="1" id="Skew_X" ignoreTimeMap="0" readonly="0" visible="1"><Keyframe anchor="0,0" next="0,0" previous="0,0" roving="0" timevalue="0"/></Property><Property enabled="1" id="Skew_Y" ignoreTimeMap="0" readonly="0" visible="1"><Keyframe anchor="0,0" next="0,0" previous="0,0" roving="0" timevalue="0"/></Property><Property enabled="1" id="Scale_X" ignoreTimeMap="0" readonly="0" visible="1"><Keyframe anchor="0,100" next="0,100" previous="0,100" roving="0" timevalue="0"/></Property><Property enabled="1" id="Scale_Y" ignoreTimeMap="0" readonly="0" visible="1"><Keyframe anchor="0,100" next="0,100" previous="0,100" roving="0" timevalue="0"/></Property></PropertyContainer><PropertyContainer id="Colors"/><PropertyContainer id="Filters"/></PropertyContainer></AnimationCore></motionObjectXML>
                                   <elements>
                                        <DOMSymbolInstance libraryItemName="元件 3">
                                             <matrix>
                                                  <Matrix a="0" b="-1" c="1" d="0" tx="180.5" ty="379.9"/>
                                             </matrix>
                                             <transformationPoint>
                                                  <Point x="139.95" y="140"/>
                                             </transformationPoint>
                                        </DOMSymbolInstance>
                                   </elements>
                              </DOMFrame>
                         </frames>
                    </DOMLayer>
               </layers>
          </DOMTimeline>
     </timelines>
     <scripts/>
     <PrinterSettings/>
     <publishHistory/>
</DOMDocument>